id	tid	type	question	sql	expected_answer	annotation
intersects+count-082	T24	intersects+count	Trong Thành phố Cần Thơ có bao nhiêu khách sạn?	SELECT COUNT(*) AS count FROM pois WHERE tourism ILIKE 'hotel'   AND ST_Intersects(geometry, (SELECT geometry FROM regions WHERE id = 1874283));	139	
intersects+count-015	T24	intersects+count	Trong Phường Minh Xuân có bao nhiêu khách sạn?	SELECT COUNT(*) AS count FROM pois WHERE tourism ILIKE 'hotel'   AND ST_Intersects(geometry, (SELECT geometry FROM regions WHERE id = 15980440));	5	
intersects+count-004	T24	intersects+count	Trong Xã Vinh Lộc có bao nhiêu khách sạn?	SELECT COUNT(*) AS count FROM pois WHERE tourism ILIKE 'hotel'   AND ST_Intersects(geometry, (SELECT geometry FROM regions WHERE id = 19325209));	1	
intersects+count-095	T24	intersects+count	Số lượng khách sạn tại Phường Thuận Hóa là bao nhiêu?	SELECT COUNT(*) AS count FROM pois WHERE tourism ILIKE 'hotel'   AND ST_Intersects(geometry, (SELECT geometry FROM regions WHERE id = 19324114));	86	
intersects+count-036	T24	intersects+count	Trong Phường Thanh Khê có bao nhiêu cửa hàng điện tử?	SELECT COUNT(*) AS count FROM pois WHERE shop ILIKE 'electronics'   AND ST_Intersects(geometry, (SELECT geometry FROM regions WHERE id = 13995327));	11	
intersects:area_max+name-032	T11	intersects:area_max+name	Cho tôi biết công viên rộng nhất tại Phường Hoàn Kiếm.	SELECT id, geo_wkt, park_name, ST_Area(geometry) AS area FROM parks WHERE leisure ILIKE 'park'   AND ST_Intersects(geometry, (SELECT geometry FROM regions WHERE id = 19331651)) ORDER BY area DESC LIMIT 1;	Vườn hoa Lý Thái Tổ	
intersects:area_max+name-029	T11	intersects:area_max+name	Cho tôi biết khu bảo tồn thiên nhiên rộng nhất tại Thành phố Cần Thơ.	SELECT id, geo_wkt, park_name, ST_Area(geometry) AS area FROM parks WHERE leisure ILIKE 'nature_reserve'   AND ST_Intersects(geometry, (SELECT geometry FROM regions WHERE id = 1874283)) ORDER BY area DESC LIMIT 1;	Khu bảo tồn thiên nhiên Lung Ngọc Hoàng	
intersects:area_max+name-018	T11	intersects:area_max+name	khu bảo tồn thiên nhiên nào lớn nhất ở Thành phố Hồ Chí Minh?	SELECT id, geo_wkt, park_name, ST_Area(geometry) AS area FROM parks WHERE leisure ILIKE 'nature_reserve'   AND ST_Intersects(geometry, (SELECT geometry FROM regions WHERE id = 1973756)) ORDER BY area DESC LIMIT 1;	Khu bảo tồn thiên nhiên - văn hóa Đồng Nai	
intersects:area_max+name-095	T11	intersects:area_max+name	ao nào lớn nhất ở Tỉnh Lâm Đồng?	SELECT id, geo_wkt, lake_name, ST_Area(geometry) AS area FROM lakes WHERE water ILIKE 'pond'   AND ST_Intersects(geometry, (SELECT geometry FROM regions WHERE id = 1885367)) ORDER BY area DESC LIMIT 1;	Hồ Nam Trang	
intersects:area_max+name-014	T11	intersects:area_max+name	hồ chứa nước có diện tích lớn nhất trong Thành phố Hà Nội là gì?	SELECT id, geo_wkt, lake_name, ST_Area(geometry) AS area FROM lakes WHERE water ILIKE 'reservoir'   AND ST_Intersects(geometry, (SELECT geometry FROM regions WHERE id = 1903516)) ORDER BY area DESC LIMIT 1;	Hồ Đồng Quan	
intersects:area_total+area-087	T27	intersects:area_total+area	Các công viên trong Thành phố Huế có tổng diện tích bao nhiêu?	SELECT SUM(ST_Area(geometry)) AS area FROM parks WHERE leisure ILIKE 'park'   AND ST_Intersects(geometry, (SELECT geometry FROM regions WHERE id = 1891483));	402346.24	
intersects:area_total+area-095	T27	intersects:area_total+area	Các công viên trong Phường Mạo Khê có tổng diện tích bao nhiêu?	SELECT SUM(ST_Area(geometry)) AS area FROM parks WHERE leisure ILIKE 'park'   AND ST_Intersects(geometry, (SELECT geometry FROM regions WHERE id = 19272124));	19755.3	
intersects:area_total+area-070	T27	intersects:area_total+area	Tính tổng diện tích của các hồ nước tại Thành phố Hồ Chí Minh.	SELECT SUM(ST_Area(geometry)) AS area FROM lakes WHERE water ILIKE 'lake'   AND ST_Intersects(geometry, (SELECT geometry FROM regions WHERE id = 1973756));	2221913.57	
intersects:area_total+area-012	T27	intersects:area_total+area	Tổng diện tích các hồ nước ở Thành phố Hồ Chí Minh là bao nhiêu?	SELECT SUM(ST_Area(geometry)) AS area FROM lakes WHERE water ILIKE 'lake'   AND ST_Intersects(geometry, (SELECT geometry FROM regions WHERE id = 1973756));	2221913.57	
intersects:area_total+area-076	T27	intersects:area_total+area	Tất cả vườn hoa ở Thành phố Hà Nội rộng tổng cộng bao nhiêu?	SELECT SUM(ST_Area(geometry)) AS area FROM parks WHERE leisure ILIKE 'garden'   AND ST_Intersects(geometry, (SELECT geometry FROM regions WHERE id = 1903516));	606474.05	
intersects:length_max+name-055	T12	intersects:length_max+name	Đâu là sông có chiều dài lớn nhất tại Phường Hồng Quang?	SELECT id, geo_wkt, lake_name, ST_Length(geometry) AS length FROM lakes WHERE waterway ILIKE 'river'   AND ST_Intersects(geometry, (SELECT geometry FROM regions WHERE id = 19539206)) ORDER BY length DESC LIMIT 1;	Sông Nam Định	
intersects:length_max+name-005	T12	intersects:length_max+name	Đâu là đường chính có chiều dài lớn nhất tại Tỉnh Lâm Đồng?	SELECT id, geo_wkt, road_name, ST_Length(geometry) AS length FROM roads WHERE highway ILIKE 'secondary'   AND ST_Intersects(geometry, (SELECT geometry FROM regions WHERE id = 1885367)) ORDER BY length DESC LIMIT 1;	Đường tỉnh 686	
intersects:length_max+name-004	T12	intersects:length_max+name	Cho tôi biết đường dân cư dài nhất cắt qua Thành phố Đà Nẵng.	SELECT id, geo_wkt, road_name, ST_Length(geometry) AS length FROM roads WHERE highway ILIKE 'residential'   AND ST_Intersects(geometry, (SELECT geometry FROM regions WHERE id = 1891418)) ORDER BY length DESC LIMIT 1;	Đường Yết Kiêu	
intersects:length_max+name-012	T12	intersects:length_max+name	đường chính dài nhất trong Xã Tân Thành là gì?	SELECT id, geo_wkt, road_name, ST_Length(geometry) AS length FROM roads WHERE highway ILIKE 'secondary'   AND ST_Intersects(geometry, (SELECT geometry FROM regions WHERE id = 17058448)) ORDER BY length DESC LIMIT 1;	Đường bộ ven biển Bình Thuận	
intersects:length_max+name-028	T12	intersects:length_max+name	Ở Tỉnh Lâm Đồng, kênh nào có chiều dài lớn nhất?	SELECT id, geo_wkt, lake_name, ST_Length(geometry) AS length FROM lakes WHERE waterway ILIKE 'canal'   AND ST_Intersects(geometry, (SELECT geometry FROM regions WHERE id = 1885367)) ORDER BY length DESC LIMIT 1;	Kênh chuyển nước Sông Móng - Đu Đủ - Tân Lập	
intersects:length_total+length-030	T28	intersects:length_total+length	Tổng chiều dài các đường dân cư đi qua Phường An Hội là bao nhiêu?	SELECT SUM(ST_Length(geometry)) AS length FROM roads WHERE highway ILIKE 'residential'   AND ST_Intersects(geometry, (SELECT geometry FROM regions WHERE id = 15504989));	21808.35	
intersects:length_total+length-065	T28	intersects:length_total+length	Tổng chiều dài các đường trục đi qua Thành phố Hồ Chí Minh là bao nhiêu?	SELECT SUM(ST_Length(geometry)) AS length FROM roads WHERE highway ILIKE 'trunk'   AND ST_Intersects(geometry, (SELECT geometry FROM regions WHERE id = 1973756));	890285.44	
intersects:length_total+length-078	T28	intersects:length_total+length	Tổng chiều dài các đường dân cư đi qua Phường Hoàn Kiếm là bao nhiêu?	SELECT SUM(ST_Length(geometry)) AS length FROM roads WHERE highway ILIKE 'residential'   AND ST_Intersects(geometry, (SELECT geometry FROM regions WHERE id = 19331651));	21925.25	
intersects:length_total+length-004	T28	intersects:length_total+length	Các đường huyện trong Tỉnh Lâm Đồng dài tổng cộng bao nhiêu?	SELECT SUM(ST_Length(geometry)) AS length FROM roads WHERE highway ILIKE 'tertiary'   AND ST_Intersects(geometry, (SELECT geometry FROM regions WHERE id = 1885367));	648043.0	
intersects:length_total+length-072	T28	intersects:length_total+length	Tất cả kênh ở Thành phố Huế có chiều dài tổng cộng là bao nhiêu?	SELECT SUM(ST_Length(geometry)) AS length FROM lakes WHERE waterway ILIKE 'canal'   AND ST_Intersects(geometry, (SELECT geometry FROM regions WHERE id = 1891483));	537.76	
knn+angle-026	T22	knn+angle	nhà nghỉ tập thể gần Cửa Hàng Bánh Tôm Hồ Tây nhất nằm ở hướng bao nhiêu độ?	SELECT id, geo_wkt, poi_name, degrees(ST_Azimuth(ST_GeomFromText('POINT(105.83762609999998 21.047321200405182)',4326)::geography, geometry)) AS angle FROM pois WHERE id <> 310727632 AND tourism ILIKE 'hostel' AND poi_name IS NOT NULL ORDER BY geometry <-> ST_GeomFromText('POINT(105.83762609999998 21.047321200405182)',4326)::geography LIMIT 1;	128.0	
knn+angle-092	T22	knn+angle	Góc phương vị từ Cà Phê Cỏ May đến trung tâm thể thao gần nhất là bao nhiêu?	SELECT id, geo_wkt, poi_name, degrees(ST_Azimuth(ST_GeomFromText('POINT(106.689737 10.806993699485172)',4326)::geography, geometry)) AS angle FROM pois WHERE id <> 4284505706 AND leisure ILIKE 'sports_centre' AND poi_name IS NOT NULL ORDER BY geometry <-> ST_GeomFromText('POINT(106.689737 10.806993699485172)',4326)::geography LIMIT 1;	184.0	
knn+angle-084	T22	knn+angle	phòng trưng bày gần nhất với Oc Tien Sa Hotel, Da Nang nằm ở góc bao nhiêu độ?	SELECT id, geo_wkt, poi_name, degrees(ST_Azimuth(ST_GeomFromText('POINT(108.2137377 16.060699900031466)',4326)::geography, geometry)) AS angle FROM pois WHERE id <> 3842864143 AND tourism ILIKE 'gallery' AND poi_name IS NOT NULL ORDER BY geometry <-> ST_GeomFromText('POINT(108.2137377 16.060699900031466)',4326)::geography LIMIT 1;	12.4	
knn+angle-090	T22	knn+angle	Góc phương vị từ The Coffee Bean & Tea Leaf, TP HCM đến trung tâm thể thao gần nhất là bao nhiêu?	SELECT id, geo_wkt, poi_name, degrees(ST_Azimuth(ST_GeomFromText('POINT(106.70398409999999 10.779921899483346)',4326)::geography, geometry)) AS angle FROM pois WHERE id <> 2176976137 AND leisure ILIKE 'sports_centre' AND poi_name IS NOT NULL ORDER BY geometry <-> ST_GeomFromText('POINT(106.70398409999999 10.779921899483346)',4326)::geography LIMIT 1;	227.2	
knn+angle-070	T22	knn+angle	tiệm bánh gần Quán Cây Trứng Cá nhất nằm ở hướng bao nhiêu độ?	SELECT id, geo_wkt, poi_name, degrees(ST_Azimuth(ST_GeomFromText('POINT(105.737282 10.016228899438804)',4326)::geography, geometry)) AS angle FROM pois WHERE id <> 5257151723 AND shop ILIKE 'bakery' AND poi_name IS NOT NULL ORDER BY geometry <-> ST_GeomFromText('POINT(105.737282 10.016228899438804)',4326)::geography LIMIT 1;	57.7	
knn+distance-054	T26	knn+distance	cửa hàng tiện lợi nào gần Mới nhất và cách bao xa?	SELECT id, geo_wkt, poi_name, ST_Distance(geometry, ST_GeomFromText('POINT(106.0696255 20.75469950039906)',4326)::geography) AS distance FROM pois WHERE id <> 4800852123 AND shop ILIKE 'convenience' AND poi_name IS NOT NULL ORDER BY geometry <-> ST_GeomFromText('POINT(106.0696255 20.75469950039906)',4326)::geography LIMIT 1;	20003.18	
knn+distance-029	T26	knn+distance	Từ Pizza Hut, Hà Nội đến bể bơi gần nhất bao xa?	SELECT id, geo_wkt, poi_name, ST_Distance(geometry, ST_GeomFromText('POINT(105.79302819999998 21.007235600404485)',4326)::geography) AS distance FROM pois WHERE id <> 4090284259 AND leisure ILIKE 'swimming_pool' AND poi_name IS NOT NULL ORDER BY geometry <-> ST_GeomFromText('POINT(105.79302819999998 21.007235600404485)',4326)::geography LIMIT 1;	3174.09	
knn+distance-058	T26	knn+distance	Từ Phương Nam đến sân vận động gần nhất bao xa?	SELECT id, geo_wkt, poi_name, ST_Distance(geometry, ST_GeomFromText('POINT(106.30773279999998 17.611212800197453)',4326)::geography) AS distance FROM pois WHERE id <> 1011584854 AND leisure ILIKE 'stadium' AND poi_name IS NOT NULL ORDER BY geometry <-> ST_GeomFromText('POINT(106.30773279999998 17.611212800197453)',4326)::geography LIMIT 1;	92177.43	
knn+distance-076	T26	knn+distance	Khoảng cách từ TrungHien Coffee tới phòng trưng bày gần nhất là bao nhiêu?	SELECT id, geo_wkt, poi_name, ST_Distance(geometry, ST_GeomFromText('POINT(108.20332919999998 16.071496000032703)',4326)::geography) AS distance FROM pois WHERE id <> 729406625 AND tourism ILIKE 'gallery' AND poi_name IS NOT NULL ORDER BY geometry <-> ST_GeomFromText('POINT(108.20332919999998 16.071496000032703)',4326)::geography LIMIT 1;	2333.32	
knn+distance-036	T26	knn+distance	sân vận động gần cafe 1 nhất cách bao xa?	SELECT id, geo_wkt, poi_name, ST_Distance(geometry, ST_GeomFromText('POINT(105.7430297 10.023064699439145)',4326)::geography) AS distance FROM pois WHERE id <> 1924866580 AND leisure ILIKE 'stadium' AND poi_name IS NOT NULL ORDER BY geometry <-> ST_GeomFromText('POINT(105.7430297 10.023064699439145)',4326)::geography LIMIT 1;	82815.33	
knn+loc-001	T17	knn+loc	Tôi cần biết cửa hàng điện tử gần vien duong hotel, Cát Bà nhất nằm ở đâu.	SELECT id, geo_wkt, poi_name, addr_housenumber, addr_street, addr_place, addr_suburb, addr_district, addr_city, addr_province, addr_postcode FROM pois WHERE id <> 994727621 AND shop ILIKE 'electronics' AND poi_name IS NOT NULL AND ((addr_street IS NOT NULL OR addr_place IS NOT NULL) AND (addr_suburb IS NOT NULL OR addr_district IS NOT NULL OR addr_city IS NOT NULL OR addr_province IS NOT NULL)) ORDER BY geometry <-> ST_GeomFromText('POINT(107.05003569999998 20.72522710039831)',4326)::geography LIMIT 1;	Đường tỉnh 391, Quang Phục, Tứ Kỳ, Hải Dương, 17000	
knn+loc-098	T17	knn+loc	Vị trí của đồn công an gần Sapa Eco-Home - Mountain retreat, Sa Pa nhất là gì?	SELECT id, geo_wkt, poi_name, addr_housenumber, addr_street, addr_place, addr_suburb, addr_district, addr_city, addr_province, addr_postcode FROM pois WHERE id <> 989239631 AND amenity ILIKE 'police' AND poi_name IS NOT NULL AND ((addr_street IS NOT NULL OR addr_place IS NOT NULL) AND (addr_suburb IS NOT NULL OR addr_district IS NOT NULL OR addr_city IS NOT NULL OR addr_province IS NOT NULL)) ORDER BY geometry <-> ST_GeomFromText('POINT(103.84393789999999 22.337320700403254)',4326)::geography LIMIT 1;	28 Tây Hồ, Tây Hồ, Hà Nội	
knn+loc-021	T17	knn+loc	ngân hàng gần Nhà Hàng Âu Lạc Brazil II, Hà Nội nhất nằm ở đâu?	SELECT id, geo_wkt, poi_name, addr_housenumber, addr_street, addr_place, addr_suburb, addr_district, addr_city, addr_province, addr_postcode FROM pois WHERE id <> 723671517 AND amenity ILIKE 'bank' AND poi_name IS NOT NULL AND ((addr_street IS NOT NULL OR addr_place IS NOT NULL) AND (addr_suburb IS NOT NULL OR addr_district IS NOT NULL OR addr_city IS NOT NULL OR addr_province IS NOT NULL)) ORDER BY geometry <-> ST_GeomFromText('POINT(105.84092049999998 21.029856400404885)',4326)::geography LIMIT 1;	52 Phố Nguyễn Thái Học, Phường Ba Đình, Hà Nội, Thành phố Hà Nội	
knn+loc-090	T17	knn+loc	phòng trưng bày nào gần Vietcombank, Hà Nội nhất và nó nằm ở đâu?	SELECT id, geo_wkt, poi_name, addr_housenumber, addr_street, addr_place, addr_suburb, addr_district, addr_city, addr_province, addr_postcode FROM pois WHERE id <> 1491048086 AND tourism ILIKE 'gallery' AND poi_name IS NOT NULL AND ((addr_street IS NOT NULL OR addr_place IS NOT NULL) AND (addr_suburb IS NOT NULL OR addr_district IS NOT NULL OR addr_city IS NOT NULL OR addr_province IS NOT NULL)) ORDER BY geometry <-> ST_GeomFromText('POINT(105.85149389999998 21.03878680040504)',4326)::geography LIMIT 1;	39 Phố Hàng Gai, Phường Hoàn Kiếm, Hà Nội, Thành phố Hà Nội	
knn+loc-055	T17	knn+loc	phòng khám nào gần Khách Sạn Asia Palace, Hà Nội nhất và nó nằm ở đâu?	SELECT id, geo_wkt, poi_name, addr_housenumber, addr_street, addr_place, addr_suburb, addr_district, addr_city, addr_province, addr_postcode FROM pois WHERE id <> 973961006 AND amenity ILIKE 'clinic' AND poi_name IS NOT NULL AND ((addr_street IS NOT NULL OR addr_place IS NOT NULL) AND (addr_suburb IS NOT NULL OR addr_district IS NOT NULL OR addr_city IS NOT NULL OR addr_province IS NOT NULL)) ORDER BY geometry <-> ST_GeomFromText('POINT(105.8556478 21.031701500404917)',4326)::geography LIMIT 1;	5 Phố Hàng Cót, Phường Hoàn Kiếm, Hà Nội, Thành phố Hà Nội	
knn+name+multi_source1-044	T07	knn+name+multi_source1	trường đại học gần Alagón City nhất được thành lập vào năm nào?	SELECT id, geo_wkt, poi_name FROM pois WHERE amenity ILIKE 'university' AND poi_name IS NOT NULL   AND id <> 12327812901 ORDER BY geometry <-> ST_GeomFromText('POINT(106.6943158 10.771537199482786)',4326)::geography LIMIT 1;	1990	
knn+name+multi_source1-036	T07	knn+name+multi_source1	trường đại học gần Nhà Hàng Hoàng Ty nhất được thành lập vào năm nào?	SELECT id, geo_wkt, poi_name FROM pois WHERE amenity ILIKE 'university' AND poi_name IS NOT NULL   AND id <> 2676930840 ORDER BY geometry <-> ST_GeomFromText('POINT(106.68995599999998 10.776476999483119)',4326)::geography LIMIT 1;	1990	
knn+name+multi_source1-020	T07	knn+name+multi_source1	trường đại học gần WinMart+, Hà Nội nhất được thành lập vào năm nào?	SELECT id, geo_wkt, poi_name FROM pois WHERE amenity ILIKE 'university' AND poi_name IS NOT NULL   AND id <> 11556689533 ORDER BY geometry <-> ST_GeomFromText('POINT(105.78631910000001 21.0423756004051)',4326)::geography LIMIT 1;	2010	
knn+name+multi_source1-028	T07	knn+name+multi_source1	trường đại học gần Cafe Góc Phố, Hà Nội nhất được thành lập vào năm nào?	SELECT id, geo_wkt, poi_name FROM pois WHERE amenity ILIKE 'university' AND poi_name IS NOT NULL   AND id <> 11572113154 ORDER BY geometry <-> ST_GeomFromText('POINT(105.7870439 21.041908000405087)',4326)::geography LIMIT 1;	2010	
knn+name+multi_source1-098	T07	knn+name+multi_source1	cửa hàng điện tử gần Quầy Thuốc Số 150 nhất được thành lập vào năm nào?	SELECT id, geo_wkt, poi_name FROM pois WHERE shop ILIKE 'electronics' AND poi_name IS NOT NULL   AND id <> 5602116729 ORDER BY geometry <-> ST_GeomFromText('POINT(107.05445319999998 10.599166499471599)',4326)::geography LIMIT 1;	1988	
knn+name+multi_source2-044	T08	knn+name+multi_source2	cửa hàng điện tử gần nhất với sân vận động có sức chứa 15.000 là gì?	SELECT id, geo_wkt, poi_name FROM pois WHERE shop ILIKE 'electronics' AND poi_name IS NOT NULL   AND id <> 9763789347 ORDER BY geometry <-> ST_GeomFromText('POINT(108.5067467 15.559936599973321)',4326)::geography LIMIT 1;	Sim số mất hết	
knn+name+multi_source2-014	T08	knn+name+multi_source2	siêu thị nào gần trường đại học được thành lập vào 2009 nhất?	SELECT id, geo_wkt, poi_name FROM pois WHERE shop ILIKE 'supermarket' AND poi_name IS NOT NULL   AND id <> 8823695658 ORDER BY geometry <-> ST_GeomFromText('POINT(105.80117759999999 21.0481520004052)',4326)::geography LIMIT 1;	SFarm©	
knn+name+multi_source2-012	T08	knn+name+multi_source2	Từ trường đại học được thành lập vào 2009, điểm tham quan gần nhất là gì?	SELECT id, geo_wkt, poi_name FROM pois WHERE tourism ILIKE 'attraction' AND poi_name IS NOT NULL   AND id <> 8823695658 ORDER BY geometry <-> ST_GeomFromText('POINT(105.80117759999999 21.0481520004052)',4326)::geography LIMIT 1;	Cối xay nước	
knn+name+multi_source2-049	T08	knn+name+multi_source2	sân vận động gần nhất với bảo tàng được thành lập vào 1 tháng 1 năm 2017 là gì?	SELECT id, geo_wkt, poi_name FROM pois WHERE leisure ILIKE 'stadium' AND poi_name IS NOT NULL   AND id <> 12344125229 ORDER BY geometry <-> ST_GeomFromText('POINT(108.33424109999999 15.87717540001031)',4326)::geography LIMIT 1;	Sân vận động Cẩm Lệ	
knn+name+multi_source2-013	T08	knn+name+multi_source2	Cho tôi biết cửa hàng điện tử gần bảo tàng được thành lập vào 1 tháng 1 năm 2017 nhất.	SELECT id, geo_wkt, poi_name FROM pois WHERE shop ILIKE 'electronics' AND poi_name IS NOT NULL   AND id <> 12344125229 ORDER BY geometry <-> ST_GeomFromText('POINT(108.33424109999999 15.87717540001031)',4326)::geography LIMIT 1;	Anh Đức	
knn+name-046	T05	knn+name	trường đại học nào gần Cafe Matrix nhất?	SELECT id, geo_wkt, poi_name FROM pois WHERE id <> 729406536 AND amenity ILIKE 'university' AND poi_name IS NOT NULL ORDER BY geometry <-> ST_GeomFromText('POINT(108.15113449999998 16.068912200032408)',4326)::geography LIMIT 1;	Khu A	
knn+name-045	T05	knn+name	Cho tôi biết bưu điện gần Day & Night Café nhất.	SELECT id, geo_wkt, poi_name FROM pois WHERE id <> 1997671803 AND amenity ILIKE 'post_office' AND poi_name IS NOT NULL ORDER BY geometry <-> ST_GeomFromText('POINT(108.3270371 15.882760100010957)',4326)::geography LIMIT 1;	DHL	
knn+name-078	T05	knn+name	Đâu là trường học gần Nhà Thuốc An Khang, Hồ Chí Minh nhất?	SELECT id, geo_wkt, poi_name FROM pois WHERE id <> 2347525009 AND amenity ILIKE 'school' AND poi_name IS NOT NULL ORDER BY geometry <-> ST_GeomFromText('POINT(106.7087488 10.730523899480065)',4326)::geography LIMIT 1;	Trường Mầm non Chuyện Nhỏ	
knn+name-034	T05	knn+name	Tìm giúp tôi trung tâm thể thao gần DongA bank nhất.	SELECT id, geo_wkt, poi_name FROM pois WHERE id <> 3635426758 AND leisure ILIKE 'sports_centre' AND poi_name IS NOT NULL ORDER BY geometry <-> ST_GeomFromText('POINT(108.325601 15.88392090001109)',4326)::geography LIMIT 1;	Hoang Dung Martial Arts Club	
knn+name-006	T05	knn+name	ngân hàng nào gần Phở Cường, Hà Nội nhất?	SELECT id, geo_wkt, poi_name FROM pois WHERE id <> 2587491495 AND amenity ILIKE 'bank' AND poi_name IS NOT NULL ORDER BY geometry <-> ST_GeomFromText('POINT(105.85482229999998 21.033934100404952)',4326)::geography LIMIT 1;	VietinBank	
knn:direction+loc-094	T19	knn:direction+loc	Vị trí của ngân hàng gần nhất về phía tây từ Hong Thien 2 hotel là gì?	WITH origin AS (SELECT ST_GeomFromText('POINT(107.5960838 16.46913260007769)',4326)::geography AS geom) SELECT id, geo_wkt, poi_name, addr_housenumber, addr_street, addr_place, addr_suburb, addr_district, addr_city, addr_province, addr_postcode FROM pois, origin WHERE id <> 668713429 AND amenity ILIKE 'bank' AND poi_name IS NOT NULL AND ((addr_street IS NOT NULL OR addr_place IS NOT NULL) AND (addr_suburb IS NOT NULL OR addr_district IS NOT NULL OR addr_city IS NOT NULL OR addr_province IS NOT NULL)) AND degrees(ST_Azimuth(origin.geom, pois.geometry)) BETWEEN 247.5 AND 292.5 ORDER BY geometry <-> origin.geom LIMIT 1;	30 Lê Lợi, Huế, Tỉnh Thừa Thiên Huế	
knn:direction+loc-059	T19	knn:direction+loc	Cho tôi biết vị trí của đồn công an gần nhất ở phía đông bắc của Khách Sạn Asia Palace, Hà Nội.	WITH origin AS (SELECT ST_GeomFromText('POINT(105.8556478 21.031701500404917)',4326)::geography AS geom) SELECT id, geo_wkt, poi_name, addr_housenumber, addr_street, addr_place, addr_suburb, addr_district, addr_city, addr_province, addr_postcode FROM pois, origin WHERE id <> 973961006 AND amenity ILIKE 'police' AND poi_name IS NOT NULL AND ((addr_street IS NOT NULL OR addr_place IS NOT NULL) AND (addr_suburb IS NOT NULL OR addr_district IS NOT NULL OR addr_city IS NOT NULL OR addr_province IS NOT NULL)) AND degrees(ST_Azimuth(origin.geom, pois.geometry)) BETWEEN 22.5 AND 67.5 ORDER BY geometry <-> origin.geom LIMIT 1;	147 Phố Ngọc Lâm, Long Biên, Hà Nội	
knn:direction+loc-069	T19	knn:direction+loc	Vị trí của cơ sở thờ tự gần nhất về phía đông nam từ Homie Coffee, Đà Nẵng là gì?	WITH origin AS (SELECT ST_GeomFromText('POINT(108.2092543 16.07075420003262)',4326)::geography AS geom) SELECT id, geo_wkt, poi_name, addr_housenumber, addr_street, addr_place, addr_suburb, addr_district, addr_city, addr_province, addr_postcode FROM pois, origin WHERE id <> 729406487 AND amenity ILIKE 'place_of_worship' AND poi_name IS NOT NULL AND ((addr_street IS NOT NULL OR addr_place IS NOT NULL) AND (addr_suburb IS NOT NULL OR addr_district IS NOT NULL OR addr_city IS NOT NULL OR addr_province IS NOT NULL)) AND degrees(ST_Azimuth(origin.geom, pois.geometry)) BETWEEN 112.5 AND 157.5 ORDER BY geometry <-> origin.geom LIMIT 1;	176 Châu Thị Vĩnh Tế, Ngu Hanh Son, Đà Nẵng, Thành phố Đà Nẵng, 550000	
knn:direction+loc-016	T19	knn:direction+loc	Cho tôi biết vị trí của trung tâm thể thao gần nhất ở phía nam của Homie Coffee, Đà Nẵng.	WITH origin AS (SELECT ST_GeomFromText('POINT(108.2092543 16.07075420003262)',4326)::geography AS geom) SELECT id, geo_wkt, poi_name, addr_housenumber, addr_street, addr_place, addr_suburb, addr_district, addr_city, addr_province, addr_postcode FROM pois, origin WHERE id <> 729406487 AND leisure ILIKE 'sports_centre' AND poi_name IS NOT NULL AND ((addr_street IS NOT NULL OR addr_place IS NOT NULL) AND (addr_suburb IS NOT NULL OR addr_district IS NOT NULL OR addr_city IS NOT NULL OR addr_province IS NOT NULL)) AND degrees(ST_Azimuth(origin.geom, pois.geometry)) BETWEEN 157.5 AND 202.5 ORDER BY geometry <-> origin.geom LIMIT 1;	75 Bình An 7, Hải Châu, Đà Nẵng, 550000	
knn:direction+loc-049	T19	knn:direction+loc	Vị trí của điểm tham quan gần nhất về phía nam từ Cà Phê Kafa, Hà Nội là gì?	WITH origin AS (SELECT ST_GeomFromText('POINT(105.80100069999999 21.03786110040502)',4326)::geography AS geom) SELECT id, geo_wkt, poi_name, addr_housenumber, addr_street, addr_place, addr_suburb, addr_district, addr_city, addr_province, addr_postcode FROM pois, origin WHERE id <> 423736651 AND tourism ILIKE 'attraction' AND poi_name IS NOT NULL AND ((addr_street IS NOT NULL OR addr_place IS NOT NULL) AND (addr_suburb IS NOT NULL OR addr_district IS NOT NULL OR addr_city IS NOT NULL OR addr_province IS NOT NULL)) AND degrees(ST_Azimuth(origin.geom, pois.geometry)) BETWEEN 157.5 AND 202.5 ORDER BY geometry <-> origin.geom LIMIT 1;	DT20 Đường Hồ Chí Minh, Phong Nha, Quang Binh, 511860	
knn:direction+name-011	T09	knn:direction+name	Đâu là sân vận động gần nhất nằm phía đông bắc Silk Path, Hà Nội?	WITH origin AS (SELECT ST_GeomFromText('POINT(105.84454899999999 21.028826600404862)',4326)::geography AS geom) SELECT id, geo_wkt, poi_name FROM pois, origin WHERE id <> 1589474694 AND leisure ILIKE 'stadium' AND poi_name IS NOT NULL AND degrees(ST_Azimuth(origin.geom, pois.geometry)) BETWEEN 22.5 AND 67.5 ORDER BY geometry <-> origin.geom LIMIT 1;	Sân vận động Tiên Du	
knn:direction+name-071	T09	knn:direction+name	Về phía tây nam tính từ Silk Path, Hà Nội, cửa hàng điện tử nào gần nhất?	WITH origin AS (SELECT ST_GeomFromText('POINT(105.84454899999999 21.028826600404862)',4326)::geography AS geom) SELECT id, geo_wkt, poi_name FROM pois, origin WHERE id <> 1589474694 AND shop ILIKE 'electronics' AND poi_name IS NOT NULL AND degrees(ST_Azimuth(origin.geom, pois.geometry)) BETWEEN 202.5 AND 247.5 ORDER BY geometry <-> origin.geom LIMIT 1;	SKG by KATA	
knn:direction+name-038	T09	knn:direction+name	Tìm bệnh viện gần nhất ở phía đông bắc từ Cà Phê Long Béo.	WITH origin AS (SELECT ST_GeomFromText('POINT(106.7073344 10.73690939948049)',4326)::geography AS geom) SELECT id, geo_wkt, poi_name FROM pois, origin WHERE id <> 4148747989 AND amenity ILIKE 'hospital' AND poi_name IS NOT NULL AND degrees(ST_Azimuth(origin.geom, pois.geometry)) BETWEEN 22.5 AND 67.5 ORDER BY geometry <-> origin.geom LIMIT 1;	Phòng khám đa khoa YHCT Thiên Phúc Đường	
knn:direction+name-081	T09	knn:direction+name	điểm tham quan nào nằm về phía bắc so với Biggest sleeping Buddha in Vietnam và gần Biggest sleeping Buddha in Vietnam nhất?	WITH origin AS (SELECT ST_GeomFromText('POINT(107.89502019999999 10.814290899485664)',4326)::geography AS geom) SELECT id, geo_wkt, poi_name FROM pois, origin WHERE id <> 491586866 AND tourism ILIKE 'attraction' AND poi_name IS NOT NULL AND (degrees(ST_Azimuth(origin.geom, pois.geometry)) BETWEEN 0.0 AND 22.5 OR degrees(ST_Azimuth(origin.geom, pois.geometry)) BETWEEN 337.5 AND 360) ORDER BY geometry <-> origin.geom LIMIT 1;	Cashewnødde plantage	
knn:direction+name-080	T09	knn:direction+name	Về phía bắc tính từ The Coffee Bean & Tea Leaf, TP HCM, sân vận động nào gần nhất?	WITH origin AS (SELECT ST_GeomFromText('POINT(106.70398409999999 10.779921899483346)',4326)::geography AS geom) SELECT id, geo_wkt, poi_name FROM pois, origin WHERE id <> 2176976137 AND leisure ILIKE 'stadium' AND poi_name IS NOT NULL AND (degrees(ST_Azimuth(origin.geom, pois.geometry)) BETWEEN 0.0 AND 22.5 OR degrees(ST_Azimuth(origin.geom, pois.geometry)) BETWEEN 337.5 AND 360) ORDER BY geometry <-> origin.geom LIMIT 1;	Sân vận động Tam Kỳ	
knn:non_spat_filter+loc-047	T18	knn:non_spat_filter+loc	quán trà sữa gần Hotel XOAI, Ninh Kiểu, Cần Thơ nhất nằm ở đâu?	SELECT id, geo_wkt, poi_name, addr_housenumber, addr_street, addr_place, addr_suburb, addr_district, addr_city, addr_province, addr_postcode FROM pois WHERE id <> 1777639453 AND amenity ILIKE 'cafe' AND (cuisine ILIKE '%bubble_tea%') AND ((addr_street IS NOT NULL OR addr_place IS NOT NULL) AND (addr_suburb IS NOT NULL OR addr_district IS NOT NULL OR addr_city IS NOT NULL OR addr_province IS NOT NULL)) ORDER BY geometry <-> ST_GeomFromText('POINT(105.7752943 10.031167999439543)',4326)::geography LIMIT 1;	142 Hai Bà Trưng, Cần Thơ	
knn:non_spat_filter+loc-074	T18	knn:non_spat_filter+loc	bảo tàng thiên nhiên gần Cà Phê Kafa, Hà Nội nhất nằm ở đâu?	SELECT id, geo_wkt, poi_name, addr_housenumber, addr_street, addr_place, addr_suburb, addr_district, addr_city, addr_province, addr_postcode FROM pois WHERE id <> 423736651 AND tourism ILIKE 'museum' AND (museum = 'nature') AND ((addr_street IS NOT NULL OR addr_place IS NOT NULL) AND (addr_suburb IS NOT NULL OR addr_district IS NOT NULL OR addr_city IS NOT NULL OR addr_province IS NOT NULL)) ORDER BY geometry <-> ST_GeomFromText('POINT(105.80100069999999 21.03786110040502)',4326)::geography LIMIT 1;	6 Phố Phạm Ngũ Lão, Hoàn Kiếm, Hà Nội	
knn:non_spat_filter+loc-025	T18	knn:non_spat_filter+loc	Cho tôi biết vị trí bệnh viện có khoa cấp cứu gần Khách Sạn Sông Tiền Annex, Mỹ Tho nhất.	SELECT id, geo_wkt, poi_name, addr_housenumber, addr_street, addr_place, addr_suburb, addr_district, addr_city, addr_province, addr_postcode FROM pois WHERE id <> 1753153030 AND amenity ILIKE 'hospital' AND (emergency ILIKE '%yes%') AND ((addr_street IS NOT NULL OR addr_place IS NOT NULL) AND (addr_suburb IS NOT NULL OR addr_district IS NOT NULL OR addr_city IS NOT NULL OR addr_province IS NOT NULL)) ORDER BY geometry <-> ST_GeomFromText('POINT(106.3678455 10.353504399456812)',4326)::geography LIMIT 1;	15 Dương Thị Mười, quận 12, thành phố Hồ Chí Minh, 700000	
knn:non_spat_filter+loc-091	T18	knn:non_spat_filter+loc	nhà hàng có bán mang về nào gần Sapa Eco-Home - Mountain retreat, Sa Pa nhất và nó nằm ở đâu?	SELECT id, geo_wkt, poi_name, addr_housenumber, addr_street, addr_place, addr_suburb, addr_district, addr_city, addr_province, addr_postcode FROM pois WHERE id <> 989239631 AND amenity ILIKE 'restaurant' AND (takeaway ILIKE '%yes%') AND ((addr_street IS NOT NULL OR addr_place IS NOT NULL) AND (addr_suburb IS NOT NULL OR addr_district IS NOT NULL OR addr_city IS NOT NULL OR addr_province IS NOT NULL)) ORDER BY geometry <-> ST_GeomFromText('POINT(103.84393789999999 22.337320700403254)',4326)::geography LIMIT 1;	04 Đường Thạch Sơn, Sapa, Lào Cai, 330000	
knn:non_spat_filter+loc-009	T18	knn:non_spat_filter+loc	Vị trí của bệnh viện có khoa cấp cứu gần Cà Phê Kafa, Hà Nội nhất là gì?	SELECT id, geo_wkt, poi_name, addr_housenumber, addr_street, addr_place, addr_suburb, addr_district, addr_city, addr_province, addr_postcode FROM pois WHERE id <> 423736651 AND amenity ILIKE 'hospital' AND (emergency ILIKE '%yes%') AND ((addr_street IS NOT NULL OR addr_place IS NOT NULL) AND (addr_suburb IS NOT NULL OR addr_district IS NOT NULL OR addr_city IS NOT NULL OR addr_province IS NOT NULL)) ORDER BY geometry <-> ST_GeomFromText('POINT(105.80100069999999 21.03786110040502)',4326)::geography LIMIT 1;	136 Nguyễn Trãi, Thanh Xuân, Hà Nội	
knn:non_spat_filter+name-006	T06	knn:non_spat_filter+name	Cho tôi biết bảo tàng thiên nhiên gần Quynh Anh Hotel nhất.	SELECT id, geo_wkt, poi_name FROM pois WHERE id <> 1714876169 AND tourism ILIKE 'museum' AND (museum = 'nature') ORDER BY geometry <-> ST_GeomFromText('POINT(103.8425511 22.33626120040328)',4326)::geography LIMIT 1;	Bảo tàng Thiên nhiên Việt Nam	
knn:non_spat_filter+name-085	T06	knn:non_spat_filter+name	bệnh viện có khoa cấp cứu gần nhất với Chùa Vạn Phật là gì?	SELECT id, geo_wkt, poi_name FROM pois WHERE id <> 4131348091 AND amenity ILIKE 'hospital' AND (emergency ILIKE '%yes%') ORDER BY geometry <-> ST_GeomFromText('POINT(106.675382 10.752992499481548)',4326)::geography LIMIT 1;	Trạm Y Tế Phường 7 Quận Phú Nhuận	
knn:non_spat_filter+name-030	T06	knn:non_spat_filter+name	Cho tôi biết quán trà sữa gần Khách Sạn Ramana nhất.	SELECT id, geo_wkt, poi_name FROM pois WHERE id <> 2926929601 AND amenity ILIKE 'cafe' AND (cuisine ILIKE '%bubble_tea%') ORDER BY geometry <-> ST_GeomFromText('POINT(106.6777247 10.787733999483873)',4326)::geography LIMIT 1;	Trà Sữa Bò Mập	
knn:non_spat_filter+name-099	T06	knn:non_spat_filter+name	Cho tôi biết quán burger gần GachDo Coffee nhất.	SELECT id, geo_wkt, poi_name FROM pois WHERE id <> 729406905 AND amenity ILIKE 'restaurant' AND (cuisine ILIKE '%burger%') ORDER BY geometry <-> ST_GeomFromText('POINT(108.21771919999999 16.065109300031974)',4326)::geography LIMIT 1;	La Cabana - House of BBQ	
knn:non_spat_filter+name-038	T06	knn:non_spat_filter+name	Cho tôi biết quán trà sữa gần tạp hóa 368 nhất.	SELECT id, geo_wkt, poi_name FROM pois WHERE id <> 5239124326 AND amenity ILIKE 'cafe' AND (cuisine ILIKE '%bubble_tea%') ORDER BY geometry <-> ST_GeomFromText('POINT(107.83129399999999 10.710365399478741)',4326)::geography LIMIT 1;	LUPIO Coffee & Milk Tea	
knn:towards+loc-011	T20	knn:towards+loc	Từ Cà Phê Kafa, Hà Nội về hướng Truc Lam Coffee, vị trí bưu điện gần nhất là gì?	WITH origin AS (SELECT ST_GeomFromText('POINT(105.80100069999999 21.03786110040502)',4326)::geography AS geom), angle AS (SELECT degrees(ST_Azimuth(origin.geom, ST_GeomFromText('POINT(105.79904449999998 21.039368900405048)',4326))) AS value FROM origin) SELECT id, geo_wkt, poi_name, addr_housenumber, addr_street, addr_place, addr_suburb, addr_district, addr_city, addr_province, addr_postcode FROM pois, origin, angle WHERE id <> 423736651 AND amenity ILIKE 'post_office' AND poi_name IS NOT NULL AND ((addr_street IS NOT NULL OR addr_place IS NOT NULL) AND (addr_suburb IS NOT NULL OR addr_district IS NOT NULL OR addr_city IS NOT NULL OR addr_province IS NOT NULL)) AND id <> 11634557496 AND MOD((degrees(ST_Azimuth(origin.geom, pois.geometry)) - angle.value + 382.5)::numeric, 360.0) <= 45 ORDER BY geometry <-> origin.geom LIMIT 1;	393 Đường Hoàng Quốc Việt, Cầu Giấy, Hà Nội	
knn:towards+loc-030	T20	knn:towards+loc	siêu thị nào gần VDB nhất theo hướng VDB và nó nằm ở đâu?	WITH origin AS (SELECT ST_GeomFromText('POINT(105.78728589999999 10.034036099439687)',4326)::geography AS geom), angle AS (SELECT degrees(ST_Azimuth(origin.geom, ST_GeomFromText('POINT(105.78727249999999 10.035065999439738)',4326))) AS value FROM origin) SELECT id, geo_wkt, poi_name, addr_housenumber, addr_street, addr_place, addr_suburb, addr_district, addr_city, addr_province, addr_postcode FROM pois, origin, angle WHERE id <> 951963062 AND shop ILIKE 'supermarket' AND poi_name IS NOT NULL AND ((addr_street IS NOT NULL OR addr_place IS NOT NULL) AND (addr_suburb IS NOT NULL OR addr_district IS NOT NULL OR addr_city IS NOT NULL OR addr_province IS NOT NULL)) AND id <> 1041864064 AND MOD((degrees(ST_Azimuth(origin.geom, pois.geometry)) - angle.value + 382.5)::numeric, 360.0) <= 45 ORDER BY geometry <-> origin.geom LIMIT 1;	153 Trần Phú, Phường 1, Thành phố Sa Đéc, Đồng Tháp, +84	
knn:towards+loc-013	T20	knn:towards+loc	Từ Silk Path, Hà Nội về hướng Khách Sạn Hanoi Street, Hà Nội, vị trí quán cà phê gần nhất là gì?	WITH origin AS (SELECT ST_GeomFromText('POINT(105.84454899999999 21.028826600404862)',4326)::geography AS geom), angle AS (SELECT degrees(ST_Azimuth(origin.geom, ST_GeomFromText('POINT(105.8438984 21.029291700404873)',4326))) AS value FROM origin) SELECT id, geo_wkt, poi_name, addr_housenumber, addr_street, addr_place, addr_suburb, addr_district, addr_city, addr_province, addr_postcode FROM pois, origin, angle WHERE id <> 1589474694 AND amenity ILIKE 'cafe' AND poi_name IS NOT NULL AND ((addr_street IS NOT NULL OR addr_place IS NOT NULL) AND (addr_suburb IS NOT NULL OR addr_district IS NOT NULL OR addr_city IS NOT NULL OR addr_province IS NOT NULL)) AND id <> 4315103859 AND MOD((degrees(ST_Azimuth(origin.geom, pois.geometry)) - angle.value + 382.5)::numeric, 360.0) <= 45 ORDER BY geometry <-> origin.geom LIMIT 1;	Đường Điện Biên Phủ, Phường Ba Đình, Hà Nội, Thành phố Hà Nội	
knn:towards+loc-049	T20	knn:towards+loc	công viên nào gần The Coffee Bean & Tea Leaf, TP HCM nhất theo hướng Lotteria và nó nằm ở đâu?	WITH origin AS (SELECT ST_GeomFromText('POINT(106.70398409999999 10.779921899483346)',4326)::geography AS geom), angle AS (SELECT degrees(ST_Azimuth(origin.geom, ST_GeomFromText('POINT(106.70393769999998 10.780070999483359)',4326))) AS value FROM origin) SELECT id, geo_wkt, poi_name, addr_housenumber, addr_street, addr_place, addr_suburb, addr_district, addr_city, addr_province, addr_postcode FROM pois, origin, angle WHERE id <> 2176976137 AND leisure ILIKE 'park' AND poi_name IS NOT NULL AND ((addr_street IS NOT NULL OR addr_place IS NOT NULL) AND (addr_suburb IS NOT NULL OR addr_district IS NOT NULL OR addr_city IS NOT NULL OR addr_province IS NOT NULL)) AND id <> 729602639 AND MOD((degrees(ST_Azimuth(origin.geom, pois.geometry)) - angle.value + 382.5)::numeric, 360.0) <= 45 ORDER BY geometry <-> origin.geom LIMIT 1;	xón 9, Yên khánh, Ninh Bình, 434590	
knn:towards+loc-036	T20	knn:towards+loc	cửa hàng điện tử gần Vietcombank, Hà Nội nhất về hướng Strassenmarkt nằm ở đâu?	WITH origin AS (SELECT ST_GeomFromText('POINT(105.85149389999998 21.03878680040504)',4326)::geography AS geom), angle AS (SELECT degrees(ST_Azimuth(origin.geom, ST_GeomFromText('POINT(105.85103539999999 21.038718200405036)',4326))) AS value FROM origin) SELECT id, geo_wkt, poi_name, addr_housenumber, addr_street, addr_place, addr_suburb, addr_district, addr_city, addr_province, addr_postcode FROM pois, origin, angle WHERE id <> 1491048086 AND shop ILIKE 'electronics' AND poi_name IS NOT NULL AND ((addr_street IS NOT NULL OR addr_place IS NOT NULL) AND (addr_suburb IS NOT NULL OR addr_district IS NOT NULL OR addr_city IS NOT NULL OR addr_province IS NOT NULL)) AND id <> 5436612021 AND MOD((degrees(ST_Azimuth(origin.geom, pois.geometry)) - angle.value + 382.5)::numeric, 360.0) <= 45 ORDER BY geometry <-> origin.geom LIMIT 1;	31 Đường Hoàng Quốc Việt, Quận Cầu Giấy, Hà Nội	
knn:towards+name-059	T10	knn:towards+name	quán cà phê gần Khách Sạn Hanoi A1, Hà Nội nhất về phía Prince 57 Hotel, Hà Nội là gì?	WITH origin AS (SELECT ST_GeomFromText('POINT(105.8536784 21.03209270040492)',4326)::geography AS geom), angle AS (SELECT degrees(ST_Azimuth(origin.geom, ST_GeomFromText('POINT(105.8539615 21.032635200404936)',4326))) AS value FROM origin) SELECT id, geo_wkt, poi_name FROM pois, origin, angle WHERE id <> 970139684 AND amenity ILIKE 'cafe' AND poi_name IS NOT NULL AND id <> 708488383 AND MOD((degrees(ST_Azimuth(origin.geom, pois.geometry)) - angle.value + 382.5)::numeric, 360.0) <= 45 ORDER BY geometry <-> origin.geom LIMIT 1;	Nha Đấu Coffee	
knn:towards+name-082	T10	knn:towards+name	cửa hàng điện tử nào gần Trung tâm Thể dục Thể thao Quận Thủ Đức nhất và nằm về hướng tap hoa Minh phuong?	WITH origin AS (SELECT ST_GeomFromText('POINT(106.7603301 10.852483699488271)',4326)::geography AS geom), angle AS (SELECT degrees(ST_Azimuth(origin.geom, ST_GeomFromText('POINT(106.75705659999998 10.856915499488576)',4326))) AS value FROM origin) SELECT id, geo_wkt, poi_name FROM pois, origin, angle WHERE id <> 4051462331 AND shop ILIKE 'electronics' AND poi_name IS NOT NULL AND id <> 4684772992 AND MOD((degrees(ST_Azimuth(origin.geom, pois.geometry)) - angle.value + 382.5)::numeric, 360.0) <= 45 ORDER BY geometry <-> origin.geom LIMIT 1;	Điện Máy XANH	
knn:towards+name-047	T10	knn:towards+name	Từ El Latino đi về hướng Choi Oi, bảo tàng gần nhất là gì?	WITH origin AS (SELECT ST_GeomFromText('POINT(108.21345419999999 10.952566799495242)',4326)::geography AS geom), angle AS (SELECT degrees(ST_Azimuth(origin.geom, ST_GeomFromText('POINT(108.21463379999999 10.95296489949527)',4326))) AS value FROM origin) SELECT id, geo_wkt, poi_name FROM pois, origin, angle WHERE id <> 4539422589 AND tourism ILIKE 'museum' AND poi_name IS NOT NULL AND id <> 13068107443 AND MOD((degrees(ST_Azimuth(origin.geom, pois.geometry)) - angle.value + 382.5)::numeric, 360.0) <= 45 ORDER BY geometry <-> origin.geom LIMIT 1;	nghệ nhân đàng xem gốm bầu trúc	
knn:towards+name-021	T10	knn:towards+name	sân vận động gần Nhà Thuốc An Khang, Hồ Chí Minh nhất về phía ABBank là gì?	WITH origin AS (SELECT ST_GeomFromText('POINT(106.7087488 10.730523899480065)',4326)::geography AS geom), angle AS (SELECT degrees(ST_Azimuth(origin.geom, ST_GeomFromText('POINT(106.7075305 10.729290999479986)',4326))) AS value FROM origin) SELECT id, geo_wkt, poi_name FROM pois, origin, angle WHERE id <> 2347525009 AND leisure ILIKE 'stadium' AND poi_name IS NOT NULL AND id <> 2301123502 AND MOD((degrees(ST_Azimuth(origin.geom, pois.geometry)) - angle.value + 382.5)::numeric, 360.0) <= 45 ORDER BY geometry <-> origin.geom LIMIT 1;	Sân Vận Động Long Hòa	
knn:towards+name-048	T10	knn:towards+name	cửa hàng điện tử nào gần Hồ Bơi Tân Thông Hội nhất và nằm về hướng nhà hàng bò tơ xuân đào?	WITH origin AS (SELECT ST_GeomFromText('POINT(106.5125519 10.963451399496014)',4326)::geography AS geom), angle AS (SELECT degrees(ST_Azimuth(origin.geom, ST_GeomFromText('POINT(106.4931227 10.966595299496236)',4326))) AS value FROM origin) SELECT id, geo_wkt, poi_name FROM pois, origin, angle WHERE id <> 4573088606 AND shop ILIKE 'electronics' AND poi_name IS NOT NULL AND id <> 4464322495 AND MOD((degrees(ST_Azimuth(origin.geom, pois.geometry)) - angle.value + 382.5)::numeric, 360.0) <= 45 ORDER BY geometry <-> origin.geom LIMIT 1;	Bảo Hành sữa chữa Điện Lạnh Lợi	
range+angle-046	T21	range+angle	Các quán ăn nhanh trong vòng 10 km tính từ Coffe 169-Quán Nam nằm về hướng mấy độ?	SELECT id, geo_wkt, poi_name, degrees(ST_Azimuth(ST_GeomFromText('POINT(106.69287179999999 20.83333460040094)',4326)::geography, geometry)) AS angle FROM pois WHERE ST_DWithin(geometry, ST_GeomFromText('POINT(106.69287179999999 20.83333460040094)',4326)::geography, 10000) AND id <> 2476185803 AND amenity ILIKE 'fast_food' AND poi_name IS NOT NULL ORDER BY geometry <-> ST_GeomFromText('POINT(106.69287179999999 20.83333460040094)',4326)::geography;	100.2 (+20 more)	
range+angle-027	T21	range+angle	Góc phương vị của từng nhà thuốc trong phạm vi 1 km từ Siêu thị Coop Mart Phan Thiết là bao nhiêu?	SELECT id, geo_wkt, poi_name, degrees(ST_Azimuth(ST_GeomFromText('POINT(108.10562049999999 10.929636199493624)',4326)::geography, geometry)) AS angle FROM pois WHERE ST_DWithin(geometry, ST_GeomFromText('POINT(108.10562049999999 10.929636199493624)',4326)::geography, 1000) AND id <> 2963848902 AND amenity ILIKE 'pharmacy' AND poi_name IS NOT NULL ORDER BY geometry <-> ST_GeomFromText('POINT(108.10562049999999 10.929636199493624)',4326)::geography;	26.0 (+17 more)	
range+angle-086	T21	range+angle	Cho tôi biết góc phương vị của các nhà nghỉ tập thể cách Đường Sắt không quá 2 km.	SELECT id, geo_wkt, poi_name, degrees(ST_Azimuth(ST_GeomFromText('POINT(108.45585829999999 11.944052099575314)',4326)::geography, geometry)) AS angle FROM pois WHERE ST_DWithin(geometry, ST_GeomFromText('POINT(108.45585829999999 11.944052099575314)',4326)::geography, 2000) AND id <> 1152313710 AND tourism ILIKE 'hostel' AND poi_name IS NOT NULL ORDER BY geometry <-> ST_GeomFromText('POINT(108.45585829999999 11.944052099575314)',4326)::geography;	161.0 (+6 more)	
range+angle-035	T21	range+angle	Các cửa hàng tiện lợi trong vòng 10 km tính từ Coffee Phòng Tranh nằm về hướng mấy độ?	SELECT id, geo_wkt, poi_name, degrees(ST_Azimuth(ST_GeomFromText('POINT(106.66650439999998 10.990135499497915)',4326)::geography, geometry)) AS angle FROM pois WHERE ST_DWithin(geometry, ST_GeomFromText('POINT(106.66650439999998 10.990135499497915)',4326)::geography, 10000) AND id <> 4475368596 AND shop ILIKE 'convenience' AND poi_name IS NOT NULL ORDER BY geometry <-> ST_GeomFromText('POINT(106.66650439999998 10.990135499497915)',4326)::geography;	17.9 (+99 more)	
range+angle-090	T21	range+angle	Các tiệm bánh trong vòng 10 km tính từ Cafe Matrix nằm về hướng mấy độ?	SELECT id, geo_wkt, poi_name, degrees(ST_Azimuth(ST_GeomFromText('POINT(108.15113449999998 16.068912200032408)',4326)::geography, geometry)) AS angle FROM pois WHERE ST_DWithin(geometry, ST_GeomFromText('POINT(108.15113449999998 16.068912200032408)',4326)::geography, 10000) AND id <> 729406536 AND shop ILIKE 'bakery' AND poi_name IS NOT NULL ORDER BY geometry <-> ST_GeomFromText('POINT(108.15113449999998 16.068912200032408)',4326)::geography;	69.8 (+26 more)	
range+count-088	T23	range+count	Trong phạm vi 50 km từ Dambri, Bao Loc có bao nhiêu nhà thuốc?	SELECT COUNT(*) AS count FROM pois WHERE ST_DWithin(geometry, ST_GeomFromText('POINT(107.7417404 11.640714999548806)',4326)::geography, 50000) AND id <> 3093725554 AND amenity ILIKE 'pharmacy' AND poi_name IS NOT NULL;	70	
range+count-083	T23	range+count	Tổng cộng có mấy công viên nằm trong bán kính 20 km từ Agribank ATM?	SELECT COUNT(*) AS count FROM pois WHERE ST_DWithin(geometry, ST_GeomFromText('POINT(106.21051519999999 20.389212400388075)',4326)::geography, 20000) AND id <> 1274538180 AND leisure ILIKE 'park' AND poi_name IS NOT NULL;	1	
range+count-010	T23	range+count	Số lượng siêu thị trong vòng 50 km tính từ Bao Long là bao nhiêu?	SELECT COUNT(*) AS count FROM pois WHERE ST_DWithin(geometry, ST_GeomFromText('POINT(104.50962669999998 21.601126200410153)',4326)::geography, 50000) AND id <> 5598726023 AND shop ILIKE 'supermarket' AND poi_name IS NOT NULL;	1	
range+count-078	T23	range+count	Có bao nhiêu siêu thị trong bán kính 1 km quanh Cửa Hàng Bánh Mì ABC?	SELECT COUNT(*) AS count FROM pois WHERE ST_DWithin(geometry, ST_GeomFromText('POINT(106.69267449999998 10.768388799482578)',4326)::geography, 1000) AND id <> 4369985405 AND shop ILIKE 'supermarket' AND poi_name IS NOT NULL;	14	
range+count-082	T23	range+count	Có bao nhiêu bảo tàng trong bán kính 1 km quanh The Coffee Bean & Tea Leaf, TP HCM?	SELECT COUNT(*) AS count FROM pois WHERE ST_DWithin(geometry, ST_GeomFromText('POINT(106.70398409999999 10.779921899483346)',4326)::geography, 1000) AND id <> 2176976137 AND tourism ILIKE 'museum' AND poi_name IS NOT NULL;	3	
range+distance-022	T25	range+distance	Cho tôi biết khoảng cách đến các điểm tham quan cách cafe 1 không quá 10 km.	SELECT id, geo_wkt, poi_name, ST_Distance(geometry, ST_GeomFromText('POINT(105.7430297 10.023064699439145)',4326)::geography) AS distance FROM pois WHERE ST_DWithin(geometry, ST_GeomFromText('POINT(105.7430297 10.023064699439145)',4326)::geography, 10000) AND id <> 1924866580 AND tourism ILIKE 'attraction' AND poi_name IS NOT NULL ORDER BY geometry <-> ST_GeomFromText('POINT(105.7430297 10.023064699439145)',4326)::geography;	1323.23 (+11 more)	
range+distance-069	T25	range+distance	Cho tôi biết khoảng cách đến các đồn công an cách Nhà Hàng Foodshop 45, Hà Nội không quá 2 km.	SELECT id, geo_wkt, poi_name, ST_Distance(geometry, ST_GeomFromText('POINT(105.84148909999999 21.047906100405186)',4326)::geography) AS distance FROM pois WHERE ST_DWithin(geometry, ST_GeomFromText('POINT(105.84148909999999 21.047906100405186)',4326)::geography, 2000) AND id <> 3496458225 AND amenity ILIKE 'police' AND poi_name IS NOT NULL ORDER BY geometry <-> ST_GeomFromText('POINT(105.84148909999999 21.047906100405186)',4326)::geography;	1672.87	
range+distance-094	T25	range+distance	Từng trung tâm thể thao trong vòng 2 km từ Hotel La Perle thì cách Hotel La Perle bao xa?	SELECT id, geo_wkt, poi_name, ST_Distance(geometry, ST_GeomFromText('POINT(107.59722549999998 16.470678700077865)',4326)::geography) AS distance FROM pois WHERE ST_DWithin(geometry, ST_GeomFromText('POINT(107.59722549999998 16.470678700077865)',4326)::geography, 2000) AND id <> 4354994289 AND leisure ILIKE 'sports_centre' AND poi_name IS NOT NULL ORDER BY geometry <-> ST_GeomFromText('POINT(107.59722549999998 16.470678700077865)',4326)::geography;	851.7	
range+distance-032	T25	range+distance	Các cửa hàng tiện lợi trong bán kính 10 km quanh La Taverna Pizzeria cách La Taverna Pizzeria bao xa?	SELECT id, geo_wkt, poi_name, ST_Distance(geometry, ST_GeomFromText('POINT(109.1949443 12.233364399602095)',4326)::geography) AS distance FROM pois WHERE ST_DWithin(geometry, ST_GeomFromText('POINT(109.1949443 12.233364399602095)',4326)::geography, 10000) AND id <> 1631229608 AND shop ILIKE 'convenience' AND poi_name IS NOT NULL ORDER BY geometry <-> ST_GeomFromText('POINT(109.1949443 12.233364399602095)',4326)::geography;	54.61 (+56 more)	
range+distance-021	T25	range+distance	Cho tôi biết khoảng cách đến các cơ sở thờ tự cách Cao Lầo không quá 5 km.	SELECT id, geo_wkt, poi_name, ST_Distance(geometry, ST_GeomFromText('POINT(108.3232147 15.87852600001047)',4326)::geography) AS distance FROM pois WHERE ST_DWithin(geometry, ST_GeomFromText('POINT(108.3232147 15.87852600001047)',4326)::geography, 5000) AND id <> 4650868860 AND amenity ILIKE 'place_of_worship' AND poi_name IS NOT NULL ORDER BY geometry <-> ST_GeomFromText('POINT(108.3232147 15.87852600001047)',4326)::geography;	336.08 (+18 more)	
range+loc-060	T13	range+loc	Những phòng trưng bày cách Khách Sạn Little Hanoi 2, Hà Nội không quá 5 km nằm ở đâu?	SELECT id, geo_wkt, poi_name, addr_housenumber, addr_street, addr_place, addr_suburb, addr_district, addr_city, addr_province, addr_postcode FROM pois WHERE ST_DWithin(geometry, ST_GeomFromText('POINT(105.850907 21.02726380040484)',4326)::geography, 5000) AND id <> 1814462730 AND tourism ILIKE 'gallery' AND poi_name IS NOT NULL AND ((addr_street IS NOT NULL OR addr_place IS NOT NULL) AND (addr_suburb IS NOT NULL OR addr_district IS NOT NULL OR addr_city IS NOT NULL OR addr_province IS NOT NULL)) ORDER BY geometry <-> ST_GeomFromText('POINT(105.850907 21.02726380040484)',4326)::geography;	32 Phố Tràng Tiền, Hoàn Kiếm, Hà Nội (+4 more)	
range+loc-049	T13	range+loc	Các quán ăn nhanh trong bán kính 5 km quanh Green Chili, Hoi An nằm ở đâu?	SELECT id, geo_wkt, poi_name, addr_housenumber, addr_street, addr_place, addr_suburb, addr_district, addr_city, addr_province, addr_postcode FROM pois WHERE ST_DWithin(geometry, ST_GeomFromText('POINT(108.3271952 15.876624100010247)',4326)::geography, 5000) AND id <> 2076855824 AND amenity ILIKE 'fast_food' AND poi_name IS NOT NULL AND ((addr_street IS NOT NULL OR addr_place IS NOT NULL) AND (addr_suburb IS NOT NULL OR addr_district IS NOT NULL OR addr_city IS NOT NULL OR addr_province IS NOT NULL)) ORDER BY geometry <-> ST_GeomFromText('POINT(108.3271952 15.876624100010247)',4326)::geography;	62-74 Lê Lợi, Minh An, Hội An, Quang Nam (+1 more)	
range+loc-035	T13	range+loc	tiệm bánh nào nằm trong vòng 5 km từ Bún bò huế Vĩ Dạ, Cần Thơ và chúng ở đâu?	SELECT id, geo_wkt, poi_name, addr_housenumber, addr_street, addr_place, addr_suburb, addr_district, addr_city, addr_province, addr_postcode FROM pois WHERE ST_DWithin(geometry, ST_GeomFromText('POINT(105.78409979999999 10.037908099439878)',4326)::geography, 5000) AND id <> 1796900917 AND shop ILIKE 'bakery' AND poi_name IS NOT NULL AND ((addr_street IS NOT NULL OR addr_place IS NOT NULL) AND (addr_suburb IS NOT NULL OR addr_district IS NOT NULL OR addr_city IS NOT NULL OR addr_province IS NOT NULL)) ORDER BY geometry <-> ST_GeomFromText('POINT(105.78409979999999 10.037908099439878)',4326)::geography;	166 Xô Viết Nghệ Tĩnh, Ninh Kiều, Cần Thơ (+4 more)	
range+loc-082	T13	range+loc	nhà nghỉ tập thể nào nằm trong vòng 10 km từ Cà Phê Kafa, Hà Nội và chúng ở đâu?	SELECT id, geo_wkt, poi_name, addr_housenumber, addr_street, addr_place, addr_suburb, addr_district, addr_city, addr_province, addr_postcode FROM pois WHERE ST_DWithin(geometry, ST_GeomFromText('POINT(105.80100069999999 21.03786110040502)',4326)::geography, 10000) AND id <> 423736651 AND tourism ILIKE 'hostel' AND poi_name IS NOT NULL AND ((addr_street IS NOT NULL OR addr_place IS NOT NULL) AND (addr_suburb IS NOT NULL OR addr_district IS NOT NULL OR addr_city IS NOT NULL OR addr_province IS NOT NULL)) ORDER BY geometry <-> ST_GeomFromText('POINT(105.80100069999999 21.03786110040502)',4326)::geography;	21 Ngõ 6 Trần Quốc Hoàn, Quận Cầu Giấy, Hà Nội (+52 more)	
range+loc-089	T13	range+loc	Cho tôi biết vị trí các nhà nghỉ tập thể trong bán kính 10 km quanh Khách Sạn Blue Star, Hà Nội.	SELECT id, geo_wkt, poi_name, addr_housenumber, addr_street, addr_place, addr_suburb, addr_district, addr_city, addr_province, addr_postcode FROM pois WHERE ST_DWithin(geometry, ST_GeomFromText('POINT(105.8474742 21.03367340040495)',4326)::geography, 10000) AND id <> 779155050 AND tourism ILIKE 'hostel' AND poi_name IS NOT NULL AND ((addr_street IS NOT NULL OR addr_place IS NOT NULL) AND (addr_suburb IS NOT NULL OR addr_district IS NOT NULL OR addr_city IS NOT NULL OR addr_province IS NOT NULL)) ORDER BY geometry <-> ST_GeomFromText('POINT(105.8474742 21.03367340040495)',4326)::geography;	21 Bát Đàn, Phường Hoàn Kiếm, Hà Nội, Thành phố Hà Nội (+53 more)	
range+name-072	T01	range+name	Có những trường đại học nào trong phạm vi 3 km từ Chùa Khmer Muniransay, Cần Thơ?	SELECT id, geo_wkt, poi_name FROM pois WHERE ST_DWithin(geometry, ST_GeomFromText('POINT(105.7840634 10.033551199439662)',4326)::geography, 3000) AND id <> 1778803114 AND amenity ILIKE 'university' AND poi_name IS NOT NULL ORDER BY geometry <-> ST_GeomFromText('POINT(105.7840634 10.033551199439662)',4326)::geography;	Trường Bách khoa (+1 more)	
range+name-029	T01	range+name	Danh sách các trung tâm thể thao ở trong phạm vi 10 km quanh El Latino.	SELECT id, geo_wkt, poi_name FROM pois WHERE ST_DWithin(geometry, ST_GeomFromText('POINT(108.21345419999999 10.952566799495242)',4326)::geography, 10000) AND id <> 4539422589 AND leisure ILIKE 'sports_centre' AND poi_name IS NOT NULL ORDER BY geometry <-> ST_GeomFromText('POINT(108.21345419999999 10.952566799495242)',4326)::geography;	Jibe's Beach Club - Wind Sport Center (+7 more)	
range+name-088	T01	range+name	Cho tôi biết các cửa hàng tiện lợi cách The Coffee House không quá 5 km.	SELECT id, geo_wkt, poi_name FROM pois WHERE ST_DWithin(geometry, ST_GeomFromText('POINT(106.66802509999998 10.794448999484326)',4326)::geography, 5000) AND id <> 4274858295 AND shop ILIKE 'convenience' AND poi_name IS NOT NULL ORDER BY geometry <-> ST_GeomFromText('POINT(106.66802509999998 10.794448999484326)',4326)::geography;	Cửa Hàng Tiện Lợi B's Mart (+311 more)	
range+name-042	T01	range+name	khách sạn nào nằm trong bán kính 10 km quanh Ngân hàng Quốc Dân - CN Tiền Giang, Mỹ Tho?	SELECT id, geo_wkt, poi_name FROM pois WHERE ST_DWithin(geometry, ST_GeomFromText('POINT(106.36375459999998 10.36116399945725)',4326)::geography, 10000) AND id <> 2709120989 AND tourism ILIKE 'hotel' AND poi_name IS NOT NULL ORDER BY geometry <-> ST_GeomFromText('POINT(106.36375459999998 10.36116399945725)',4326)::geography;	M Hotel (+8 more)	
range+name-099	T01	range+name	Có những trung tâm thể thao nào trong phạm vi 5 km từ Khách Sạn Ramana?	SELECT id, geo_wkt, poi_name FROM pois WHERE ST_DWithin(geometry, ST_GeomFromText('POINT(106.6777247 10.787733999483873)',4326)::geography, 5000) AND id <> 2926929601 AND leisure ILIKE 'sports_centre' AND poi_name IS NOT NULL ORDER BY geometry <-> ST_GeomFromText('POINT(106.6777247 10.787733999483873)',4326)::geography;	Nhà Thi Đấu Hồ Xuân Hương (+7 more)	
range:direction+loc-100	T15	range:direction+loc	Trong bán kính 2 km từ Hong Thien 2 hotel, vị trí các quán cà phê phía tây là gì?	WITH origin AS (SELECT ST_GeomFromText('POINT(107.5960838 16.46913260007769)',4326)::geography AS geom) SELECT id, geo_wkt, poi_name, addr_housenumber, addr_street, addr_place, addr_suburb, addr_district, addr_city, addr_province, addr_postcode FROM pois, origin WHERE ST_DWithin(geometry, origin.geom, 2000) AND id <> 668713429 AND amenity ILIKE 'cafe' AND poi_name IS NOT NULL AND ((addr_street IS NOT NULL OR addr_place IS NOT NULL) AND (addr_suburb IS NOT NULL OR addr_district IS NOT NULL OR addr_city IS NOT NULL OR addr_province IS NOT NULL)) AND degrees(ST_Azimuth(origin.geom, pois.geometry)) BETWEEN 247.5 AND 292.5 ORDER BY geometry <-> origin.geom;	38 Lê Lợi, Hue (+1 more)	
range:direction+loc-008	T15	range:direction+loc	Các nhà nghỉ tập thể ở phía đông bắc Muong Thanh Holiday Da Lat Hotel, Đà Lạt trong phạm vi 5 km nằm ở đâu?	WITH origin AS (SELECT ST_GeomFromText('POINT(108.4399969 11.943752299575289)',4326)::geography AS geom) SELECT id, geo_wkt, poi_name, addr_housenumber, addr_street, addr_place, addr_suburb, addr_district, addr_city, addr_province, addr_postcode FROM pois, origin WHERE ST_DWithin(geometry, origin.geom, 5000) AND id <> 1152347479 AND tourism ILIKE 'hostel' AND poi_name IS NOT NULL AND ((addr_street IS NOT NULL OR addr_place IS NOT NULL) AND (addr_suburb IS NOT NULL OR addr_district IS NOT NULL OR addr_city IS NOT NULL OR addr_province IS NOT NULL)) AND degrees(ST_Azimuth(origin.geom, pois.geometry)) BETWEEN 22.5 AND 67.5 ORDER BY geometry <-> origin.geom;	1/5 Lữ Gia, Đà Lạt, Lâm Đồng, 670000	
range:direction+loc-030	T15	range:direction+loc	Những siêu thị cách Nhà Hàng Âu Lạc Brazil II, Hà Nội không quá 2 km về phía đông nam nằm ở đâu?	WITH origin AS (SELECT ST_GeomFromText('POINT(105.84092049999998 21.029856400404885)',4326)::geography AS geom) SELECT id, geo_wkt, poi_name, addr_housenumber, addr_street, addr_place, addr_suburb, addr_district, addr_city, addr_province, addr_postcode FROM pois, origin WHERE ST_DWithin(geometry, origin.geom, 2000) AND id <> 723671517 AND shop ILIKE 'supermarket' AND poi_name IS NOT NULL AND ((addr_street IS NOT NULL OR addr_place IS NOT NULL) AND (addr_suburb IS NOT NULL OR addr_district IS NOT NULL OR addr_city IS NOT NULL OR addr_province IS NOT NULL)) AND degrees(ST_Azimuth(origin.geom, pois.geometry)) BETWEEN 112.5 AND 157.5 ORDER BY geometry <-> origin.geom;	16 Phố Phan Chu Trinh, Hoàn Kiếm, Hà Nội (+1 more)	
range:direction+loc-005	T15	range:direction+loc	Những bảo tàng cách Rising Dragon Villa, Hà Nội không quá 3 km về phía đông nằm ở đâu?	WITH origin AS (SELECT ST_GeomFromText('POINT(105.84749979999998 21.034552200404963)',4326)::geography AS geom) SELECT id, geo_wkt, poi_name, addr_housenumber, addr_street, addr_place, addr_suburb, addr_district, addr_city, addr_province, addr_postcode FROM pois, origin WHERE ST_DWithin(geometry, origin.geom, 3000) AND id <> 1637382217 AND tourism ILIKE 'museum' AND poi_name IS NOT NULL AND ((addr_street IS NOT NULL OR addr_place IS NOT NULL) AND (addr_suburb IS NOT NULL OR addr_district IS NOT NULL OR addr_city IS NOT NULL OR addr_province IS NOT NULL)) AND degrees(ST_Azimuth(origin.geom, pois.geometry)) BETWEEN 67.5 AND 112.5 ORDER BY geometry <-> origin.geom;	48 Hàng Ngang, Phường Hoàn Kiếm, Hà Nội, Thành phố Hà Nội	
range:direction+loc-041	T15	range:direction+loc	Cho tôi biết vị trí các quán cà phê ở phía đông nam của Khách sạn DONA, CẦN THƠ và trong phạm vi 3 km.	WITH origin AS (SELECT ST_GeomFromText('POINT(105.78208199999999 10.046451199440304)',4326)::geography AS geom) SELECT id, geo_wkt, poi_name, addr_housenumber, addr_street, addr_place, addr_suburb, addr_district, addr_city, addr_province, addr_postcode FROM pois, origin WHERE ST_DWithin(geometry, origin.geom, 3000) AND id <> 1783216694 AND amenity ILIKE 'cafe' AND poi_name IS NOT NULL AND ((addr_street IS NOT NULL OR addr_place IS NOT NULL) AND (addr_suburb IS NOT NULL OR addr_district IS NOT NULL OR addr_city IS NOT NULL OR addr_province IS NOT NULL)) AND degrees(ST_Azimuth(origin.geom, pois.geometry)) BETWEEN 112.5 AND 157.5 ORDER BY geometry <-> origin.geom;	1 Ngô Hữu Hạnh, Ninh Kiều (+6 more)	
range:direction+name-052	T03	range:direction+name	Trong bán kính 5 km tính từ Khách Sạn Hanoi A1, Hà Nội, có những nhà nghỉ tập thể nào ở phía đông nam?	WITH origin AS (SELECT ST_GeomFromText('POINT(105.8536784 21.03209270040492)',4326)::geography AS geom) SELECT id, geo_wkt, poi_name FROM pois, origin WHERE ST_DWithin(geometry, origin.geom, 5000) AND id <> 970139684 AND tourism ILIKE 'hostel' AND poi_name IS NOT NULL AND degrees(ST_Azimuth(origin.geom, pois.geometry)) BETWEEN 112.5 AND 157.5 ORDER BY geometry <-> origin.geom;	Khách Sạn Golden Time 2 (+2 more)	
range:direction+name-035	T03	range:direction+name	Các bảo tàng nằm về phía đông bắc của Khách Sạn Hanoi A1, Hà Nội và cách Khách Sạn Hanoi A1, Hà Nội không quá 20 km là gì?	WITH origin AS (SELECT ST_GeomFromText('POINT(105.8536784 21.03209270040492)',4326)::geography AS geom) SELECT id, geo_wkt, poi_name FROM pois, origin WHERE ST_DWithin(geometry, origin.geom, 20000) AND id <> 970139684 AND tourism ILIKE 'museum' AND poi_name IS NOT NULL AND degrees(ST_Azimuth(origin.geom, pois.geometry)) BETWEEN 22.5 AND 67.5 ORDER BY geometry <-> origin.geom;	Bảo tàng Hoàng gia Nam Hồng	
range:direction+name-009	T03	range:direction+name	Cho tôi biết các điểm tham quan phía tây nam The Coffee Bean & Tea Leaf, TP HCM trong vòng 2 km.	WITH origin AS (SELECT ST_GeomFromText('POINT(106.70398409999999 10.779921899483346)',4326)::geography AS geom) SELECT id, geo_wkt, poi_name FROM pois, origin WHERE ST_DWithin(geometry, origin.geom, 2000) AND id <> 2176976137 AND tourism ILIKE 'attraction' AND poi_name IS NOT NULL AND degrees(ST_Azimuth(origin.geom, pois.geometry)) BETWEEN 202.5 AND 247.5 ORDER BY geometry <-> origin.geom;	Sculpture Garden (+1 more)	
range:direction+name-028	T03	range:direction+name	Những khách sạn nào nằm trong phạm vi 5 km từ Chùa Khmer Muniransay, Cần Thơ về phía nam?	WITH origin AS (SELECT ST_GeomFromText('POINT(105.7840634 10.033551199439662)',4326)::geography AS geom) SELECT id, geo_wkt, poi_name FROM pois, origin WHERE ST_DWithin(geometry, origin.geom, 5000) AND id <> 1778803114 AND tourism ILIKE 'hotel' AND poi_name IS NOT NULL AND degrees(ST_Azimuth(origin.geom, pois.geometry)) BETWEEN 157.5 AND 202.5 ORDER BY geometry <-> origin.geom;	Kim Lan (+7 more)	
range:direction+name-073	T03	range:direction+name	khách sạn nào ở phía đông bắc Hải Hà trong phạm vi 2 km?	WITH origin AS (SELECT ST_GeomFromText('POINT(106.3087038 17.610704500197407)',4326)::geography AS geom) SELECT id, geo_wkt, poi_name FROM pois, origin WHERE ST_DWithin(geometry, origin.geom, 2000) AND id <> 4730365398 AND tourism ILIKE 'hotel' AND poi_name IS NOT NULL AND degrees(ST_Azimuth(origin.geom, pois.geometry)) BETWEEN 22.5 AND 67.5 ORDER BY geometry <-> origin.geom;	Green Valley hotel (+2 more)	
range:non_spat_filter+loc-092	T14	range:non_spat_filter+loc	Các quán mì và phở trong bán kính 3 km quanh Khách Sạn Blue Star, Hà Nội nằm ở đâu?	SELECT id, geo_wkt, poi_name, addr_housenumber, addr_street, addr_place, addr_suburb, addr_district, addr_city, addr_province, addr_postcode FROM pois WHERE ST_DWithin(geometry, ST_GeomFromText('POINT(105.8474742 21.03367340040495)',4326)::geography, 3000) AND id <> 779155050 AND amenity ILIKE 'restaurant' AND (cuisine ILIKE '%noodle%') AND ((addr_street IS NOT NULL OR addr_place IS NOT NULL) AND (addr_suburb IS NOT NULL OR addr_district IS NOT NULL OR addr_city IS NOT NULL OR addr_province IS NOT NULL)) ORDER BY geometry <-> ST_GeomFromText('POINT(105.8474742 21.03367340040495)',4326)::geography;	73 Phố Hàng Điếu, Phường Hoàn Kiếm, Hà Nội, Thành phố Hà Nội (+37 more)	
range:non_spat_filter+loc-041	T14	range:non_spat_filter+loc	Vị trí của những bệnh viện có khoa cấp cứu cách Cà Phê Kafa, Hà Nội không quá 20 km là gì?	SELECT id, geo_wkt, poi_name, addr_housenumber, addr_street, addr_place, addr_suburb, addr_district, addr_city, addr_province, addr_postcode FROM pois WHERE ST_DWithin(geometry, ST_GeomFromText('POINT(105.80100069999999 21.03786110040502)',4326)::geography, 20000) AND id <> 423736651 AND amenity ILIKE 'hospital' AND (emergency ILIKE '%yes%') AND ((addr_street IS NOT NULL OR addr_place IS NOT NULL) AND (addr_suburb IS NOT NULL OR addr_district IS NOT NULL OR addr_city IS NOT NULL OR addr_province IS NOT NULL)) ORDER BY geometry <-> ST_GeomFromText('POINT(105.80100069999999 21.03786110040502)',4326)::geography;	136 Nguyễn Trãi, Thanh Xuân, Hà Nội (+1 more)	
range:non_spat_filter+loc-028	T14	range:non_spat_filter+loc	Những quán trà sữa trong phạm vi 5 km từ Nhà Hàng Âu Lạc Brazil II, Hà Nội nằm ở đâu?	SELECT id, geo_wkt, poi_name, addr_housenumber, addr_street, addr_place, addr_suburb, addr_district, addr_city, addr_province, addr_postcode FROM pois WHERE ST_DWithin(geometry, ST_GeomFromText('POINT(105.84092049999998 21.029856400404885)',4326)::geography, 5000) AND id <> 723671517 AND amenity ILIKE 'cafe' AND (cuisine ILIKE '%bubble_tea%') AND ((addr_street IS NOT NULL OR addr_place IS NOT NULL) AND (addr_suburb IS NOT NULL OR addr_district IS NOT NULL OR addr_city IS NOT NULL OR addr_province IS NOT NULL)) ORDER BY geometry <-> ST_GeomFromText('POINT(105.84092049999998 21.029856400404885)',4326)::geography;	27 Phố Hàng Than, Phường Ba Đình, Hà Nội, Thành phố Hà Nội (+15 more)	
range:non_spat_filter+loc-084	T14	range:non_spat_filter+loc	Cho tôi biết vị trí các nhà hàng có chỗ ngồi ngoài trời trong bán kính 3 km quanh Homie Coffee, Đà Nẵng.	SELECT id, geo_wkt, poi_name, addr_housenumber, addr_street, addr_place, addr_suburb, addr_district, addr_city, addr_province, addr_postcode FROM pois WHERE ST_DWithin(geometry, ST_GeomFromText('POINT(108.2092543 16.07075420003262)',4326)::geography, 3000) AND id <> 729406487 AND amenity ILIKE 'restaurant' AND (outdoor_seating ILIKE '%yes%') AND ((addr_street IS NOT NULL OR addr_place IS NOT NULL) AND (addr_suburb IS NOT NULL OR addr_district IS NOT NULL OR addr_city IS NOT NULL OR addr_province IS NOT NULL)) ORDER BY geometry <-> ST_GeomFromText('POINT(108.2092543 16.07075420003262)',4326)::geography;	171 Đường Lê Độ, Đà Nẵng, Thanh Khê (+1 more)	
range:non_spat_filter+loc-064	T14	range:non_spat_filter+loc	Cho tôi biết vị trí các bảo tàng lịch sử trong bán kính 50 km quanh Cà Phê Kafa, Hà Nội.	SELECT id, geo_wkt, poi_name, addr_housenumber, addr_street, addr_place, addr_suburb, addr_district, addr_city, addr_province, addr_postcode FROM pois WHERE ST_DWithin(geometry, ST_GeomFromText('POINT(105.80100069999999 21.03786110040502)',4326)::geography, 50000) AND id <> 423736651 AND tourism ILIKE 'museum' AND (museum = 'history') AND ((addr_street IS NOT NULL OR addr_place IS NOT NULL) AND (addr_suburb IS NOT NULL OR addr_district IS NOT NULL OR addr_city IS NOT NULL OR addr_province IS NOT NULL)) ORDER BY geometry <-> ST_GeomFromText('POINT(105.80100069999999 21.03786110040502)',4326)::geography;	48 Hàng Ngang, Phường Hoàn Kiếm, Hà Nội, Thành phố Hà Nội	
range:non_spat_filter+name-051	T02	range:non_spat_filter+name	bệnh viện có khoa cấp cứu nào trong bán kính 5 km quanh Mama Hotpot?	SELECT id, geo_wkt, poi_name FROM pois WHERE ST_DWithin(geometry, ST_GeomFromText('POINT(108.24194880000002 16.063147000031755)',4326)::geography, 5000) AND id <> 5696687927 AND amenity ILIKE 'hospital' AND (emergency ILIKE '%yes%') ORDER BY geometry <-> ST_GeomFromText('POINT(108.24194880000002 16.063147000031755)',4326)::geography;	Thien Nhan Hospital	
range:non_spat_filter+name-083	T02	range:non_spat_filter+name	nhà hàng món Việt nào nằm trong vòng 2 km tính từ Tiểu học Cái Khế 1?	SELECT id, geo_wkt, poi_name FROM pois WHERE ST_DWithin(geometry, ST_GeomFromText('POINT(105.78446499999998 10.048541199440415)',4326)::geography, 2000) AND id <> 1783219222 AND amenity ILIKE 'restaurant' AND (cuisine ILIKE '%vietnamese%') ORDER BY geometry <-> ST_GeomFromText('POINT(105.78446499999998 10.048541199440415)',4326)::geography;	Pho (+23 more)	
range:non_spat_filter+name-059	T02	range:non_spat_filter+name	quán trà sữa nào nằm trong vòng 1 km tính từ Son and Daughter?	SELECT id, geo_wkt, poi_name FROM pois WHERE ST_DWithin(geometry, ST_GeomFromText('POINT(109.19418229999998 12.234901599602239)',4326)::geography, 1000) AND id <> 4784099429 AND amenity ILIKE 'cafe' AND (cuisine ILIKE '%bubble_tea%') ORDER BY geometry <-> ST_GeomFromText('POINT(109.19418229999998 12.234901599602239)',4326)::geography;	Mây Rooftop Coffee (+1 more)	
range:non_spat_filter+name-019	T02	range:non_spat_filter+name	Có những nhà hàng Ấn nào cách Quynh Anh Hotel không quá 1 km?	SELECT id, geo_wkt, poi_name FROM pois WHERE ST_DWithin(geometry, ST_GeomFromText('POINT(103.8425511 22.33626120040328)',4326)::geography, 1000) AND id <> 1714876169 AND amenity ILIKE 'restaurant' AND (cuisine ILIKE '%indian%') ORDER BY geometry <-> ST_GeomFromText('POINT(103.8425511 22.33626120040328)',4326)::geography;	Kachi Kitchen Sapa	
range:non_spat_filter+name-034	T02	range:non_spat_filter+name	Có những quán trà sữa nào cách Nhà Thuốc An Khang, Hồ Chí Minh không quá 20 km?	SELECT id, geo_wkt, poi_name FROM pois WHERE ST_DWithin(geometry, ST_GeomFromText('POINT(106.7087488 10.730523899480065)',4326)::geography, 20000) AND id <> 2347525009 AND amenity ILIKE 'cafe' AND (cuisine ILIKE '%bubble_tea%') ORDER BY geometry <-> ST_GeomFromText('POINT(106.7087488 10.730523899480065)',4326)::geography;	Easy Life Milk Tea (+32 more)	
range:towards+loc-018	T16	range:towards+loc	Những cửa hàng tiện lợi cách Cà Phê Kafa, Hà Nội không quá 10 km theo hướng KFC nằm ở đâu?	WITH origin AS (SELECT ST_GeomFromText('POINT(105.80100069999999 21.03786110040502)',4326)::geography AS geom), angle AS (SELECT degrees(ST_Azimuth(origin.geom, ST_GeomFromText('POINT(105.80109419999998 21.03750960040501)',4326))) AS value FROM origin) SELECT id, geo_wkt, poi_name, addr_housenumber, addr_street, addr_place, addr_suburb, addr_district, addr_city, addr_province, addr_postcode FROM pois, origin, angle WHERE ST_DWithin(geometry, origin.geom, 10000) AND id <> 423736651 AND shop ILIKE 'convenience' AND poi_name IS NOT NULL AND ((addr_street IS NOT NULL OR addr_place IS NOT NULL) AND (addr_suburb IS NOT NULL OR addr_district IS NOT NULL OR addr_city IS NOT NULL OR addr_province IS NOT NULL)) AND id <> 4859558525 AND MOD((degrees(ST_Azimuth(origin.geom, pois.geometry)) - angle.value + 382.5)::numeric, 360.0) <= 45 ORDER BY geometry <-> origin.geom;	Ngõ 68 Cầu Giấy, Quận Cầu Giấy, Hà Nội (+99 more)	
range:towards+loc-032	T16	range:towards+loc	Những phòng trưng bày cách Nhà Hàng Âu Lạc Brazil II, Hà Nội không quá 10 km theo hướng Old Hanoi Restaurant nằm ở đâu?	WITH origin AS (SELECT ST_GeomFromText('POINT(105.84092049999998 21.029856400404885)',4326)::geography AS geom), angle AS (SELECT degrees(ST_Azimuth(origin.geom, ST_GeomFromText('POINT(105.84266699999999 21.02993370040488)',4326))) AS value FROM origin) SELECT id, geo_wkt, poi_name, addr_housenumber, addr_street, addr_place, addr_suburb, addr_district, addr_city, addr_province, addr_postcode FROM pois, origin, angle WHERE ST_DWithin(geometry, origin.geom, 10000) AND id <> 723671517 AND tourism ILIKE 'gallery' AND poi_name IS NOT NULL AND ((addr_street IS NOT NULL OR addr_place IS NOT NULL) AND (addr_suburb IS NOT NULL OR addr_district IS NOT NULL OR addr_city IS NOT NULL OR addr_province IS NOT NULL)) AND id <> 10044381092 AND MOD((degrees(ST_Azimuth(origin.geom, pois.geometry)) - angle.value + 382.5)::numeric, 360.0) <= 45 ORDER BY geometry <-> origin.geom;	39 Phố Hàng Gai, Phường Hoàn Kiếm, Hà Nội, Thành phố Hà Nội (+1 more)	
range:towards+loc-096	T16	range:towards+loc	Trong phạm vi 10 km từ Cà Phê Kafa, Hà Nội, vị trí các khách sạn về hướng The Coffee House, Ha Noi là gì?	WITH origin AS (SELECT ST_GeomFromText('POINT(105.80100069999999 21.03786110040502)',4326)::geography AS geom), angle AS (SELECT degrees(ST_Azimuth(origin.geom, ST_GeomFromText('POINT(105.801082 21.037728000405018)',4326))) AS value FROM origin) SELECT id, geo_wkt, poi_name, addr_housenumber, addr_street, addr_place, addr_suburb, addr_district, addr_city, addr_province, addr_postcode FROM pois, origin, angle WHERE ST_DWithin(geometry, origin.geom, 10000) AND id <> 423736651 AND tourism ILIKE 'hotel' AND poi_name IS NOT NULL AND ((addr_street IS NOT NULL OR addr_place IS NOT NULL) AND (addr_suburb IS NOT NULL OR addr_district IS NOT NULL OR addr_city IS NOT NULL OR addr_province IS NOT NULL)) AND id <> 7056055215 AND MOD((degrees(ST_Azimuth(origin.geom, pois.geometry)) - angle.value + 382.5)::numeric, 360.0) <= 45 ORDER BY geometry <-> origin.geom;	21 Ngõ 84 Ngọc Khánh, Quận Ba Đình, Hà Nội (+3 more)	
range:towards+loc-072	T16	range:towards+loc	Trong phạm vi 10 km từ Cà Phê Kafa, Hà Nội, vị trí các siêu thị về hướng The Coffee House, Ha Noi là gì?	WITH origin AS (SELECT ST_GeomFromText('POINT(105.80100069999999 21.03786110040502)',4326)::geography AS geom), angle AS (SELECT degrees(ST_Azimuth(origin.geom, ST_GeomFromText('POINT(105.801082 21.037728000405018)',4326))) AS value FROM origin) SELECT id, geo_wkt, poi_name, addr_housenumber, addr_street, addr_place, addr_suburb, addr_district, addr_city, addr_province, addr_postcode FROM pois, origin, angle WHERE ST_DWithin(geometry, origin.geom, 10000) AND id <> 423736651 AND shop ILIKE 'supermarket' AND poi_name IS NOT NULL AND ((addr_street IS NOT NULL OR addr_place IS NOT NULL) AND (addr_suburb IS NOT NULL OR addr_district IS NOT NULL OR addr_city IS NOT NULL OR addr_province IS NOT NULL)) AND id <> 7056055215 AND MOD((degrees(ST_Azimuth(origin.geom, pois.geometry)) - angle.value + 382.5)::numeric, 360.0) <= 45 ORDER BY geometry <-> origin.geom;	18 Nguyễn Chí Thanh, Quận Ba Đình, Hà Nội, 10000 (+19 more)	
range:towards+loc-069	T16	range:towards+loc	Trong bán kính 3 km quanh Cà Phê Kafa, Hà Nội, các siêu thị về hướng Cà Phê Monaco nằm ở đâu?	WITH origin AS (SELECT ST_GeomFromText('POINT(105.80100069999999 21.03786110040502)',4326)::geography AS geom), angle AS (SELECT degrees(ST_Azimuth(origin.geom, ST_GeomFromText('POINT(105.80105519999998 21.037757200405025)',4326))) AS value FROM origin) SELECT id, geo_wkt, poi_name, addr_housenumber, addr_street, addr_place, addr_suburb, addr_district, addr_city, addr_province, addr_postcode FROM pois, origin, angle WHERE ST_DWithin(geometry, origin.geom, 3000) AND id <> 423736651 AND shop ILIKE 'supermarket' AND poi_name IS NOT NULL AND ((addr_street IS NOT NULL OR addr_place IS NOT NULL) AND (addr_suburb IS NOT NULL OR addr_district IS NOT NULL OR addr_city IS NOT NULL OR addr_province IS NOT NULL)) AND id <> 4536058096 AND MOD((degrees(ST_Azimuth(origin.geom, pois.geometry)) - angle.value + 382.5)::numeric, 360.0) <= 45 ORDER BY geometry <-> origin.geom;	số 47 Ngõ 159 Phố Pháo Đài Láng, Đống Đa, Hà Nội, 100000	
range:towards+name-034	T04	range:towards+name	Các trường học cách Quynh Anh Hotel không quá 50 km và nằm về phía Cộng Cà Phê là gì?	WITH origin AS (SELECT ST_GeomFromText('POINT(103.8425511 22.33626120040328)',4326)::geography AS geom), angle AS (SELECT degrees(ST_Azimuth(origin.geom, ST_GeomFromText('POINT(103.84304269999998 22.33630520040328)',4326))) AS value FROM origin) SELECT id, geo_wkt, poi_name FROM pois, origin, angle WHERE ST_DWithin(geometry, origin.geom, 50000) AND id <> 1714876169 AND amenity ILIKE 'school' AND poi_name IS NOT NULL AND id <> 5097249121 AND MOD((degrees(ST_Azimuth(origin.geom, pois.geometry)) - angle.value + 382.5)::numeric, 360.0) <= 45 ORDER BY geometry <-> origin.geom;	Trường Tiểu học số 2 (+3 more)	
range:towards+name-096	T04	range:towards+name	Cho tôi biết các nhà nghỉ tập thể trong vòng 10 km quanh Siêu Thị C&C nằm về hướng Cà Phê Soybean.	WITH origin AS (SELECT ST_GeomFromText('POINT(106.68774609999998 10.76667089948246)',4326)::geography AS geom), angle AS (SELECT degrees(ST_Azimuth(origin.geom, ST_GeomFromText('POINT(106.68828999999998 10.767427999482512)',4326))) AS value FROM origin) SELECT id, geo_wkt, poi_name FROM pois, origin, angle WHERE ST_DWithin(geometry, origin.geom, 10000) AND id <> 3899274115 AND tourism ILIKE 'hostel' AND poi_name IS NOT NULL AND id <> 2955403633 AND MOD((degrees(ST_Azimuth(origin.geom, pois.geometry)) - angle.value + 382.5)::numeric, 360.0) <= 45 ORDER BY geometry <-> origin.geom;	Khách Sạn Inn Saigon (+13 more)	
range:towards+name-075	T04	range:towards+name	Cho tôi biết các quán ăn nhanh trong vòng 20 km quanh Nha khoa Ninh Kiều nằm về hướng cafe Hello.	WITH origin AS (SELECT ST_GeomFromText('POINT(105.7667136 10.041618599440062)',4326)::geography AS geom), angle AS (SELECT degrees(ST_Azimuth(origin.geom, ST_GeomFromText('POINT(105.76760949999999 10.041201799440044)',4326))) AS value FROM origin) SELECT id, geo_wkt, poi_name FROM pois, origin, angle WHERE ST_DWithin(geometry, origin.geom, 20000) AND id <> 1781225455 AND amenity ILIKE 'fast_food' AND poi_name IS NOT NULL AND id <> 1781222763 AND MOD((degrees(ST_Azimuth(origin.geom, pois.geometry)) - angle.value + 382.5)::numeric, 360.0) <= 45 ORDER BY geometry <-> origin.geom;	bánh bao Hòa Hương (+17 more)	
range:towards+name-055	T04	range:towards+name	cửa hàng điện tử nào trong bán kính 5 km quanh Cửa Hàng Bánh Tôm Hồ Tây nằm về hướng Weekend Cafe, Hà Nội?	WITH origin AS (SELECT ST_GeomFromText('POINT(105.83762609999998 21.047321200405182)',4326)::geography AS geom), angle AS (SELECT degrees(ST_Azimuth(origin.geom, ST_GeomFromText('POINT(105.8409481 21.048290300405196)',4326))) AS value FROM origin) SELECT id, geo_wkt, poi_name FROM pois, origin, angle WHERE ST_DWithin(geometry, origin.geom, 5000) AND id <> 310727632 AND shop ILIKE 'electronics' AND poi_name IS NOT NULL AND id <> 12654225081 AND MOD((degrees(ST_Azimuth(origin.geom, pois.geometry)) - angle.value + 382.5)::numeric, 360.0) <= 45 ORDER BY geometry <-> origin.geom;	HaiHoi Computer	
range:towards+name-052	T04	range:towards+name	Các bưu điện cách Cà Phê Cỏ May không quá 5 km và nằm về phía Trường Trung học cơ sở Châu Văn Liêm là gì?	WITH origin AS (SELECT ST_GeomFromText('POINT(106.689737 10.806993699485172)',4326)::geography AS geom), angle AS (SELECT degrees(ST_Azimuth(origin.geom, ST_GeomFromText('POINT(106.68778449999999 10.80340539948493)',4326))) AS value FROM origin) SELECT id, geo_wkt, poi_name FROM pois, origin, angle WHERE ST_DWithin(geometry, origin.geom, 5000) AND id <> 4284505706 AND amenity ILIKE 'post_office' AND poi_name IS NOT NULL AND id <> 7018424191 AND MOD((degrees(ST_Azimuth(origin.geom, pois.geometry)) - angle.value + 382.5)::numeric, 360.0) <= 45 ORDER BY geometry <-> origin.geom;	Bưu Cục Viettel	
